label,rss_before_mb,rss_after_mb,rss_peak_mb,rss_delta_mb,python_peak_mb,wall_seconds,raw_rows,file
ingest:sms-call-internet-mi-2013-11-01.txt,998.1,1220.6,1220.6,222.5,48.2,2.08,4842625,sms-call-internet-mi-2013-11-01.txt
ingest:sms-call-internet-mi-2013-11-02.txt,1220.6,1257.4,1269.3,36.8,48.7,2.04,4745086,sms-call-internet-mi-2013-11-02.txt
ingest:sms-call-internet-mi-2013-11-03.txt,1257.4,1264.8,1305.9,7.4,48.5,2.03,4722579,sms-call-internet-mi-2013-11-03.txt
ingest:sms-call-internet-mi-2013-11-04.txt,1264.8,1248.6,1313.4,-16.2,48.5,2.38,5639488,sms-call-internet-mi-2013-11-04.txt
ingest:sms-call-internet-mi-2013-11-05.txt,1248.6,1228.1,1297.2,-20.5,48.6,2.49,5874140,sms-call-internet-mi-2013-11-05.txt
ingest:sms-call-internet-mi-2013-11-06.txt,1228.1,1248.5,1276.9,20.5,48.8,2.49,5912097,sms-call-internet-mi-2013-11-06.txt
ingest:sms-call-internet-mi-2013-11-07.txt,1248.5,1255.0,1297.4,6.5,48.8,2.48,5886883,sms-call-internet-mi-2013-11-07.txt
ingest:sms-call-internet-mi-2013-11-08.txt,1255.0,1273.5,1303.6,18.5,48.6,2.49,5918856,sms-call-internet-mi-2013-11-08.txt
ingest:sms-call-internet-mi-2013-11-09.txt,1273.5,1250.7,1322.2,-22.8,48.7,2.17,5052416,sms-call-internet-mi-2013-11-09.txt
ingest:sms-call-internet-mi-2013-11-10.txt,1250.7,1264.7,1299.3,14.0,48.6,2.03,4731582,sms-call-internet-mi-2013-11-10.txt
ingest:sms-call-internet-mi-2013-11-11.txt,1264.7,1287.6,1313.2,22.9,48.5,2.32,5478993,sms-call-internet-mi-2013-11-11.txt
ingest:sms-call-internet-mi-2013-11-12.txt,1287.6,1273.0,1336.3,-14.6,48.7,2.36,5597591,sms-call-internet-mi-2013-11-12.txt
ingest:sms-call-internet-mi-2013-11-13.txt,1273.0,1295.1,1322.0,22.1,49.0,2.4,5689517,sms-call-internet-mi-2013-11-13.txt
ingest:sms-call-internet-mi-2013-11-14.txt,1295.1,1316.0,1344.2,20.8,49.1,2.4,5703373,sms-call-internet-mi-2013-11-14.txt
ingest:sms-call-internet-mi-2013-11-15.txt,1316.0,1315.3,1365.1,-0.6,49.1,2.41,5708802,sms-call-internet-mi-2013-11-15.txt
ingest:sms-call-internet-mi-2013-11-16.txt,1315.3,1333.1,1364.1,17.8,48.8,2.08,4847779,sms-call-internet-mi-2013-11-16.txt
ingest:sms-call-internet-mi-2013-11-17.txt,1333.1,1354.6,1381.7,21.5,48.6,1.98,4611954,sms-call-internet-mi-2013-11-17.txt
ingest:sms-call-internet-mi-2013-11-18.txt,1354.6,1344.0,1403.2,-10.6,48.6,2.29,5417835,sms-call-internet-mi-2013-11-18.txt
ingest:sms-call-internet-mi-2013-11-19.txt,1344.0,1366.2,1392.7,22.2,48.7,2.35,5577668,sms-call-internet-mi-2013-11-19.txt
ingest:sms-call-internet-mi-2013-11-20.txt,1366.2,1387.3,1415.4,21.1,49.2,2.38,5643712,sms-call-internet-mi-2013-11-20.txt
ingest:sms-call-internet-mi-2013-11-21.txt,1387.3,1424.8,1436.8,37.6,49.6,2.37,5616011,sms-call-internet-mi-2013-11-21.txt
ingest:sms-call-internet-mi-2013-11-22.txt,1424.8,1461.5,1474.6,36.6,49.8,2.38,5634579,sms-call-internet-mi-2013-11-22.txt
ingest:sms-call-internet-mi-2013-11-23.txt,1461.5,1480.4,1510.8,19.0,49.3,2.11,4779119,sms-call-internet-mi-2013-11-23.txt
ingest:sms-call-internet-mi-2013-11-24.txt,1480.4,1448.5,1529.2,-32.0,48.7,1.97,4548405,sms-call-internet-mi-2013-11-24.txt
ingest:sms-call-internet-mi-2013-11-25.txt,1448.5,1471.3,1497.5,22.9,49.0,2.29,5365586,sms-call-internet-mi-2013-11-25.txt
ingest:sms-call-internet-mi-2013-11-26.txt,1471.3,1505.6,1520.4,34.2,49.1,2.32,5491322,sms-call-internet-mi-2013-11-26.txt
ingest:sms-call-internet-mi-2013-11-27.txt,1505.6,1495.9,1555.2,-9.7,49.6,2.31,5448926,sms-call-internet-mi-2013-11-27.txt
ingest:sms-call-internet-mi-2013-11-28.txt,1495.9,1501.7,1545.0,5.8,49.2,2.32,5472300,sms-call-internet-mi-2013-11-28.txt
ingest:sms-call-internet-mi-2013-11-29.txt,1501.7,1512.9,1551.2,11.1,49.5,2.32,5482752,sms-call-internet-mi-2013-11-29.txt
ingest:sms-call-internet-mi-2013-11-30.txt,1512.9,1528.5,1561.8,15.6,48.9,2.02,4666027,sms-call-internet-mi-2013-11-30.txt
ingest:sms-call-internet-mi-2013-12-01.txt,1528.5,1537.5,1577.1,9.0,48.7,1.99,4438331,sms-call-internet-mi-2013-12-01.txt
ingest:sms-call-internet-mi-2013-12-02.txt,1537.5,1538.1,1586.4,0.6,48.9,2.25,5320367,sms-call-internet-mi-2013-12-02.txt
ingest:sms-call-internet-mi-2013-12-03.txt,1538.1,1552.8,1587.2,14.7,49.1,2.33,5545148,sms-call-internet-mi-2013-12-03.txt
ingest:sms-call-internet-mi-2013-12-04.txt,1552.8,1557.9,1602.0,5.1,49.1,2.35,5501001,sms-call-internet-mi-2013-12-04.txt
ingest:sms-call-internet-mi-2013-12-05.txt,1557.9,1555.2,1606.9,-2.7,49.0,2.37,5523429,sms-call-internet-mi-2013-12-05.txt
ingest:sms-call-internet-mi-2013-12-06.txt,1555.2,1561.5,1604.2,6.3,49.0,2.34,5525307,sms-call-internet-mi-2013-12-06.txt
ingest:sms-call-internet-mi-2013-12-07.txt,1561.5,1568.4,1610.6,6.9,49.1,1.99,4590100,sms-call-internet-mi-2013-12-07.txt
ingest:sms-call-internet-mi-2013-12-08.txt,1568.4,1572.7,1617.2,4.3,48.8,1.88,4357172,sms-call-internet-mi-2013-12-08.txt
ingest:sms-call-internet-mi-2013-12-09.txt,1572.7,1579.2,1621.7,6.5,49.0,2.22,5252874,sms-call-internet-mi-2013-12-09.txt
ingest:sms-call-internet-mi-2013-12-10.txt,1579.2,1580.5,1628.4,1.2,49.2,2.3,5455708,sms-call-internet-mi-2013-12-10.txt
ingest:sms-call-internet-mi-2013-12-11.txt,1580.5,1581.2,1629.8,0.7,49.3,2.32,5483990,sms-call-internet-mi-2013-12-11.txt
ingest:sms-call-internet-mi-2013-12-12.txt,1581.2,1581.6,1630.6,0.4,49.4,2.33,5538445,sms-call-internet-mi-2013-12-12.txt
ingest:sms-call-internet-mi-2013-12-13.txt,1581.6,1581.4,1630.8,-0.2,49.2,2.31,5467246,sms-call-internet-mi-2013-12-13.txt
ingest:sms-call-internet-mi-2013-12-14.txt,1581.4,1580.6,1630.5,-0.8,49.1,2.01,4634809,sms-call-internet-mi-2013-12-14.txt
ingest:sms-call-internet-mi-2013-12-15.txt,1580.6,1580.0,1629.2,-0.6,48.6,1.9,4412002,sms-call-internet-mi-2013-12-15.txt
ingest:sms-call-internet-mi-2013-12-16.txt,1580.0,1580.5,1629.0,0.5,49.0,2.25,5320759,sms-call-internet-mi-2013-12-16.txt
ingest:sms-call-internet-mi-2013-12-17.txt,1580.5,1581.3,1629.5,0.9,49.0,2.31,5476473,sms-call-internet-mi-2013-12-17.txt
ingest:sms-call-internet-mi-2013-12-18.txt,1581.3,1581.5,1630.6,0.1,49.2,2.31,5472133,sms-call-internet-mi-2013-12-18.txt
ingest:sms-call-internet-mi-2013-12-19.txt,1581.5,1582.2,1630.7,0.7,49.2,2.35,5572121,sms-call-internet-mi-2013-12-19.txt
ingest:sms-call-internet-mi-2013-12-20.txt,1582.2,1581.8,1631.3,-0.4,49.1,2.33,5410674,sms-call-internet-mi-2013-12-20.txt
ingest:sms-call-internet-mi-2013-12-21.txt,1581.8,1581.1,1630.7,-0.7,49.0,2.03,4705979,sms-call-internet-mi-2013-12-21.txt
ingest:sms-call-internet-mi-2013-12-22.txt,1581.1,1579.3,1629.8,-1.8,48.7,1.95,4482939,sms-call-internet-mi-2013-12-22.txt
ingest:sms-call-internet-mi-2013-12-23.txt,1579.3,1580.5,1628.2,1.2,48.8,2.15,4986627,sms-call-internet-mi-2013-12-23.txt
ingest:sms-call-internet-mi-2013-12-24.txt,1580.5,1580.5,1627.8,0.0,47.2,2.19,5014066,sms-call-internet-mi-2013-12-24.txt
ingest:sms-call-internet-mi-2013-12-25.txt,1580.5,1580.6,1626.3,0.0,45.7,2.11,4907775,sms-call-internet-mi-2013-12-25.txt
ingest:sms-call-internet-mi-2013-12-26.txt,1580.6,1533.3,1629.0,-47.2,48.5,1.91,4162680,sms-call-internet-mi-2013-12-26.txt
ingest:sms-call-internet-mi-2013-12-27.txt,1533.3,1450.9,1582.3,-82.5,49.0,2.02,4547803,sms-call-internet-mi-2013-12-27.txt
ingest:sms-call-internet-mi-2013-12-28.txt,1450.9,1371.8,1499.6,-79.0,48.7,1.99,4204331,sms-call-internet-mi-2013-12-28.txt
ingest:sms-call-internet-mi-2013-12-29.txt,1371.8,1363.9,1420.7,-7.9,48.9,1.8,4071711,sms-call-internet-mi-2013-12-29.txt
ingest:sms-call-internet-mi-2013-12-30.txt,1363.9,1363.9,1412.8,0.0,48.9,1.95,4508084,sms-call-internet-mi-2013-12-30.txt
ingest:sms-call-internet-mi-2013-12-31.txt,1363.9,1363.9,1410.4,0.0,46.5,2.1,4968039,sms-call-internet-mi-2013-12-31.txt
ingest:sms-call-internet-mi-2014-01-01.txt,1363.9,1363.9,1409.4,0.0,45.5,2.15,4930163,sms-call-internet-mi-2014-01-01.txt
